company_size,avg_salary,median_salary,avg_benefits,job_count,total_comp_index
L,130322.45178071229,114564.0,7.522288915566227,4998,137844.74069627852
M,113600.23703703703,98122.0,7.491371371371372,4995,121091.6084084084
S,102146.93009786299,89648.0,7.499161174355902,5007,109646.0912722189
